名前,個人番号 (My Number),メールアドレス (Email),クレジットカード番号 (Credit Card)
佐藤 健一,4512 8903 5621,kenichi-sato@docomo.ne.jp,4532-8903-5621-1092
田中 美咲,7823 4510 9982,misaki.tanaka@softbank.ne.jp,5412-4510-9982-3847
鈴木 一郎,1092 3847 5610,ichiro_suzuki@ezweb.ne.jp,3542-3847-5610-9018
高橋 結衣,3342 9018 7726,yui-takahashi@yahoo.co.jp,4916-9018-7726-5610
伊藤 博,5610 3928 4451,hiro.ito@icloud.com,5210-3928-4451-2287
渡辺 直美,2287 4491 0032,naomi_w@gmail.com,4287-4491-0032-9012
山本 裕太,9012 3345 8810,yuta-yamamoto@au.com,3512-3345-8810-6612
中村 恵,6612 0098 3345,m-nakamura@docomo.ne.jp,4612-0098-3345-4451
小林 誠,4451 9928 1109,makoto.k@softbank.ne.jp,5451-9928-1109-1102
加藤 陽子,1102 3345 6678,yoko_k@ezweb.ne.jp,4102-3345-6678-7789
吉田 太一,7789 0012 4456,taichi.y@yahoo.co.jp,3789-0012-4456-4432
佐々木 亮,4432 1109 8876,ryo-sas@icloud.com,4432-1109-8876-9901
山口 彩,9901 2234 5567,aya-yamaguchi@gmail.com,5901-2234-5567-5567
松本 潤,5567 8890 1123,j.matsumoto@docomo.ne.jp,4567-8890-1123-2234
井上 真央,2234 5567 8890,mao_inoue@softbank.ne.jp,3234-5567-8890-9980
木村 拓哉,9980 7761 4452,takuya.k@ezweb.ne.jp,4980-7761-4452-8890
林 勇気,8890 1123 4456,yuki-hayashi@yahoo.co.jp,5890-1123-4456-3345
斎藤 工,3345 6678 9901,takumi_s@icloud.com,3345-6678-9901-0012
清水 翔太,0012 3345 6678,shota_shimizu@gmail.com,4012-3345-6678-4456
山崎 賢人,4456 7789 0012,kento_y@docomo.ne.jp,5456-7789-0012-1123
阿部 寛,1123 4456 7789,hiro_abe@softbank.ne.jp,3123-4456-7789-8890
森 菜々子,8890 1123 4456,nanako_m@ezweb.ne.jp,4890-1123-4456-2234
岡田 准一,2234 5567 8890,junichi_okada@yahoo.co.jp,5234-5567-8890-5567
池田 エライザ,5567 8890 1123,elaiza_i@icloud.com,3567-8890-1123-3345
福山 雅治,3345 6678 9901,m-fukuyama@gmail.com,4345-6678-9901-0012
石原 さとみ,0012 3345 6678,satomi-ishihara@docomo.ne.jp,5012-3345-6678-4456
菅田 将暉,4456 7789 0012,masaki_s@softbank.ne.jp,3456-7789-0012-1123
広瀬 すず,1123 4456 7789,suzu-hirose@ezweb.ne.jp,4123-4456-7789-8890
綾瀬 はるか,8890 1123 4456,haruka-a@yahoo.co.jp,5890-1123-4456-2234
堺 雅人,2234 5567 8890,masato_s@icloud.com,3234-5567-8890-4456
藤原 竜也,4456 7789 0011,t-fujiwara@docomo.ne.jp,4456-7789-0011-1122
戸田 恵梨香,1122 3344 5566,erika_toda@softbank.ne.jp,5122-3344-5566-5566
小栗 旬,5566 7788 9900,shun_oguri@ezweb.ne.jp,3566-7788-9900-8899
新垣 結衣,8899 0011 2233,yui_aragaki@yahoo.co.jp,4899-0011-2233-3344
星野 源,3344 5566 7788,gen_hoshino@icloud.com,5344-5566-7788-7788
橋本 環奈,7788 9900 1122,kanna_h@gmail.com,3788-9900-1122-1111
菅野 美穂,1111 3333 5555,miho_kanno@docomo.ne.jp,4111-3333-5555-4444
長澤 まさみ,4444 6666 8888,masami_n@softbank.ne.jp,5444-6666-8888-9999
松坂 桃李,9999 0000 1111,t_matsuzaka@ezweb.ne.jp,3999-0000-1111-2222
有村 架純,2222 4444 6666,kasumi_a@yahoo.co.jp,4222-4444-6666-5555
竹内 涼真,5555 7777 9999,ryoma_t@icloud.com,5555-7777-9999-0000
北川 景子,0000 2222 4444,keiko_k@gmail.com,3000-2222-4444-3333
ディーン フジオカ,3333 5555 7777,dean_f@docomo.ne.jp,4333-5555-7777-3333
浜辺 美波,6666 8888 0000,minami_h@softbank.ne.jp,5666-8888-0000-6666
吉沢 亮,1111 4444 7777,ryo_y@ezweb.ne.jp,3111-4444-7777-1111
川口 春奈,7777 0000 3333,haruna_k@yahoo.co.jp,4777-0000-3333-7777
中川 大志,0000 3333 6666,taishi_n@icloud.com,5000-3333-6666-0000
吉岡 里帆,4444 8888 1111,riho_y@gmail.com,3444-8888-1111-4444
山下 智久,8888 1111 4444,t_yamashita@docomo.ne.jp,4888-1111-4444-8888
上戸 彩,2222 5555 8888,aya_ueto@softbank.ne.jp,5222-5555-8888-2222